{"lr": 5.000000000000001e-10, "data_time": 0.07692513465881348, "loss": 144.1479949951172, "loss_cls": 0.15387289971113205, "loss_bbox": 0.17720693349838257, "loss_centerness": 0.6883480548858643, "loss_bezier": 142.0849639892578, "loss_ce": 1.0436053991317749, "time": 15.248219966888428, "epoch": 1, "step": 5}
{"e2e_icdar/precision": 0.7226744186046512, "e2e_icdar/recall": 0.5984593163216178, "e2e_icdar/hmean": 0.6547274163813538, "icdar/precision": 0.8995049504950495, "icdar/recall": 0.8748194511314396, "icdar/hmean": 0.8869904808396388, "step": 1}
{"lr": 1.0000000000000003e-09, "data_time": 0.04748802185058594, "loss": 108.35974884033203, "loss_cls": 0.166782758384943, "loss_bbox": 0.14962829351425172, "loss_centerness": 0.6462320327758789, "loss_bezier": 106.39724349975586, "loss_ce": 0.9998644828796387, "time": 13.177370619773864, "epoch": 2, "step": 10}
