{"lr": 5.000000000000001e-10, "data_time": 0.06976394653320313, "loss": 80.07280120849609, "loss_cls": 0.08061208724975585, "loss_bbox": 0.10988391116261483, "loss_centerness": 0.628350019454956, "loss_bezier": 78.28358001708985, "loss_ce": 0.9703731536865234, "time": 13.647869062423705, "epoch": 1, "step": 5}
{"e2e_icdar/precision": 0.7249853715623171, "e2e_icdar/recall": 0.5965334617236399, "e2e_icdar/hmean": 0.6545166402535658, "icdar/precision": 0.9056415376934598, "icdar/recall": 0.8733750601829562, "icdar/hmean": 0.8892156862745099, "step": 1}
